"nombre;marca;deporte;categoria;costo;precio;stock;imagen"
"Bullpadel Premium x3;Bullpadel;Pádel;Pelotas;12075;;10;tubo-bullpadel-premium.jpg"
"Bullpadel Next x3;Bullpadel;Pádel;Pelotas;12075;;10;tubo-bullpadel-next.jpg"
"HEAD Pro + x3;HEAD;Pádel;Pelotas;8855;;10;tubo-head-pro-plus.jpg"
"Wilson Premier Padel x3;Wilson;Pádel;Pelotas;15374;;10;tubo-wilson-premier.jpg"
"Penn Padel x3;Penn;Pádel;Pelotas;7833;;10;tubo-penn-padel.jpg"
"NOX Titanium x3;NOX;Pádel;Pelotas;9157;;10;tubo-nox-titanium.jpg"
"Odpro Luxury x3;Odpro;Pádel;Pelotas;7692;;10;tubo-odpro-luxury.jpg"
"Nox Pro Blancos Lisos x120;Nox;Pádel;Overgrips;331547;;5;cubregrip-nox-pro-x120.jpg"
"Odpro Competition Lisos x60;Odpro;Pádel;Overgrips;67821;;10;cubregrip-odpro-x60.jpg"
"Wilson Padel Pro x3 White;Wilson;Pádel;Overgrips;14519;;10;cubre-grip-wilson-pro.jpg"
"HEAD Super Comp x3 Black;HEAD;Pádel;Overgrips;9696;;10;cubre-grip-head-supercomp.jpg"
"Protector Odpro Transparente Dentado;Odpro;Pádel;Protectores;4718;;15;protector-odpro-transparente.jpg"
"Protector Madma transparente;Madma;Pádel;Protectores;5080;;15;protector-madma-transparente.jpg"
"Adidas Metalbone 3.5 HRD 2026;Adidas;Pádel;Paletas;356 USD;;3;paleta-adidas-metalbone-hrd-2026.jpg"
"Bullpadel Vertex 04 2025;Bullpadel;Pádel;Paletas;247 USD;;3;paleta-bullpadel-vertex-04.jpg"
"Bullpadel Vertex 05 2026;Bullpadel;Pádel;Paletas;282 USD;;3;paleta-bullpadel-vertex-05.jpg"
"Babolat Technical Viper 3.0;Babolat;Pádel;Paletas;330 USD;;2;paleta-babolat-technical-viper.jpg"
"Adidas Metalbone Team 3.4;Adidas;Pádel;Paletas;218.5 USD;;3;paleta-adidas-metalbone-team.jpg"
