nombre;marca;deporte;categoria;costo;precio;stock;imagen
Black Crown Special Magic;Black Crown;Pádel;Paletas;284534;499000;5;black-crown-special-magic.jpg
Black Crown Special Invictus;Black Crown;Pádel;Paletas;250390;429000;5;black-crown-special-invictus.jpg
Black Crown Piton 13;Black Crown;Pádel;Paletas;221936;389000;5;black-crown-piton-13.jpg
Lok Carbon On Hype;Lok;Pádel;Paletas;279510;449000;5;lok-carbon-on-hype.jpg
Lok Carbon Hype 2026;Lok;Pádel;Paletas;365541;579000;5;lok-carbon-hype-2026.jpg
Drop Shot Axion Attack 1.5;Drop Shot;Pádel;Paletas;390029;589000;5;drop-shot-axion-attack-1-5.jpg
Drop Shot Conqueror Attack 1.5;Drop Shot;Pádel;Paletas;390029;589000;5;drop-shot-conqueror-attack-1-5.jpg
Drop Shot Canyon Pro Attack 1.5;Drop Shot;Pádel;Paletas;390029;589000;5;drop-shot-canyon-pro-attack-1-5.jpg
Drop Shot Explorer Pro Attack 1.5;Drop Shot;Pádel;Paletas;390029;589000;5;drop-shot-explorer-pro-attack-1-5.jpg
Head Gravity Pro 2022;HEAD;Pádel;Paletas;240060;389000;5;head-gravity-pro-2022.jpg
Nox AT10 Genius 18K Alum 2026;NOX;Pádel;Paletas;494490;749000;5;nox-at10-genius-18k-alum-2026.jpg
Bullpadel Vertex 05 2026;Bullpadel;Pádel;Paletas;457170;669000;5;paleta-bullpadel-vertex-05.jpg
Adidas Metalbone 3.5 2026;Adidas;Pádel;Paletas;578460;829000;5;adidas-metalbone-3-5-2026.jpg
Adidas Metalbone 3.5 HRD 2026;Adidas;Pádel;Paletas;548240;799000;3;paleta-adidas-metalbone-hrd-2026.jpg
Bullpadel Vertex 04 2025;Bullpadel;Pádel;Paletas;380380;559000;3;paleta-bullpadel-vertex-04.jpg
Babolat Technical Viper 3.0;Babolat;Pádel;Paletas;508200;739000;2;paleta-babolat-technical-viper.jpg
Adidas Metalbone Team 3.4;Adidas;Pádel;Paletas;336490;489000;3;paleta-adidas-metalbone-team.jpg
Bullpadel Premium x3;Bullpadel;Pádel;Pelotas;12075;;10;tubo-bullpadel-premium.jpg
Bullpadel Next x3;Bullpadel;Pádel;Pelotas;12075;;10;tubo-bullpadel-next.jpg
Wilson Premier Padel x3;Wilson;Pádel;Pelotas;15374;;10;tubo-wilson-premier.jpg
HEAD Pro+ x3;HEAD;Pádel;Pelotas;8855;;10;tubo-head-pro-plus.jpg
HEAD Team x3;HEAD;Pádel;Pelotas;8050;;10;tubo-head.jpg
NOX Titanium x3;NOX;Pádel;Pelotas;9157;;10;tubo-nox-titanium.jpg
Siux Neo x3;Siux;Pádel;Pelotas;8400;;10;tubo-siux.jpg
Odea Speed x3;Odea;Pádel;Pelotas;8400;;10;tubo-speed.jpg
Madma Pro x3;Madma;Pádel;Pelotas;9516;;10;tubo-madma.jpg
Penn Padel x3;Penn;Pádel;Pelotas;7833;;10;tubo-penn-padel.jpg
Odpro Luxury x3;Odpro;Pádel;Pelotas;7692;;10;tubo-odpro-luxury.jpg
HEAD Super Comp x3 Black;HEAD;Pádel;Overgrips;9696;;10;cubre-grip-head-supercomp.jpg
HEAD Padel Pro Overgrip x3;HEAD;Pádel;Overgrips;11868;;10;Head_padel_cubre_grip.jpg
HEAD Prime Tour x3;HEAD;Pádel;Overgrips;13062;;10;cubre-grip-head-tour.jpg
Wilson Padel Pro x3 White;Wilson;Pádel;Overgrips;14519;;10;cubre-grip-wilson-pro.jpg
Madma x3 Liso;Madma;Pádel;Overgrips;6806;;10;Cubre-grip-Madma.webp
Madma x3 Perforado;Madma;Pádel;Overgrips;7814;;10;Madma-perforados.jpg
Pro Go Air x3;Pro Go;Pádel;Overgrips;5149;;10;
Pro Go Soft x3;Pro Go;Pádel;Overgrips;4870;;10;
Nox Pro Blancos Lisos x120;NOX;Pádel;Overgrips;331547;;5;cubregrip-nox-pro-x120.jpg
Odpro Competition Lisos x60;Odpro;Pádel;Overgrips;67821;;10;cubregrip-odpro-x60.jpg
X-Trust Hesacore Grip;X-Trust;Pádel;Grips;13679;;10;X-Trust_Hesacore_Grip.jpg
X-Trust Protector símil carbono con alas;X-Trust;Pádel;Protectores;3780;;10;X-Trust_Protector.jpg
Protector Odpro Transparente Dentado;Odpro;Pádel;Protectores;4718;;15;protector-odpro-transparente.jpg
Protector Madma transparente;Madma;Pádel;Protectores;5080;;15;protector-madma-transparente.jpg
